Name of Clinic,Address,Email,Phone,Services
Allsports Podiatry Kangaroo Point,"Level 2, Suite 5 22 Baildon Street Kangaroo Point QLD 4169",vkangaroopoint@allsportspodiatry.com.au,07 3392 3020,
My FootDr Charlestown,190 Pacific Highway Charlestown NSW 2290,vcharlestown@myfootdr.com.au,02 4966 0799,
My FootDr Allsports Podiatry Aspley,2/1370 Gympie Road Aspley QLD 4034,vaspley@allsportspodiatry.com.au,07 3378 0135,"Ingrown toenails on a woman's foot, pain in the big toe closeup; Ingrown toenails, also known as onychocryptosis, are a common and painful complaint. A true ingrown toenail is when a spike or edge of nail pierces the skin at the nail edge. This is known as the sulcus and can cause inflammation and even lead to infection.There are a variety of factors that can cause ingrown toenails. The most common cause is due to improper cutting of your toenail and leaving a spike of nail in the sulcus. It can also be a result of a curved nail, known as an involuted nail, from external pressure.If you are experiencing pain, redness, and swelling around your toenail, it may be time to consider seeing one of our podiatrists. With over 30 years of combined experience in treating foot and ankle conditions, we have successfully treated many cases of ingrown toenails."
BIM Podiatry Balcatta,"Lot 2, 386 Wanneroo Road Westminster WA 6061",,(08) 9908 9100,"Ingrown toenails on a woman's foot, pain in the big toe closeup; Ingrown toenails, also known as onychocryptosis, are a common and painful complaint. A true ingrown toenail is when a spike or edge of nail pierces the skin at the nail edge. This is known as the sulcus and can cause inflammation and even lead to infection.There are a variety of factors that can cause ingrown toenails. The most common cause is due to improper cutting of your toenail and leaving a spike of nail in the sulcus. It can also be a result of a curved nail, known as an involuted nail, from external pressure.If you are experiencing pain, redness, and swelling around your toenail, it may be time to consider seeing one of our podiatrists. With over 30 years of combined experience in treating foot and ankle conditions, we have successfully treated many cases of ingrown toenails."
Back In Motion Podiatry Bacchus Marsh,118 Gisborne Rd Bacchus Marsh VIC 3340,vbacchusmarsh@backinmotion.com.au,(03) 5367 4130,
My FootDr Christies Beach,141 Beach Rd Christies Beach SA 5165,vchristies.beach@myfootdr.com.au,08 8384 7626,
My FootDr Townsville,140 Ross River Road Mundingburra QLD 4812,vtownsville@myfootdr.com.au,07 4725 3755,
My FootDr Modbury,2/959 North East Rd Modbury SA 5092,vmodbury@myfootdr.com.au,08 8265 4130,
My FootDr Moorebank,2 Stockton Avenue Moorebank NSW 2170,vmoorebank@myfootdr.com.au,02 9822 2780,
My FootDr Wembley Downs,136B Weaponess Rd Wembley Downs WA 6019,vwembleydowns@myfootdr.com.au,08 9245 2084,
The Foot and Ankle Clinic Sale,195 Raymond Street Sale VIC 3850,vsale@thefootandankleclinic.com.au,03 5144 7655,
Allsports Podiatry The Gap,970 Waterworks Rd The Gap QLD 4061,vthegap@allsportspodiatry.com.au,07 3300 6011,
My FootDr Casula,6 Holston Street Casula NSW 2170,vcasula@myfootdr.com.au,02 9822 2622,
My FootDr Indooroopilly,56B Coonan Street Indooroopilly QLD 4068,vindooroopilly@myfootdr.com.au,07 3720 6200,
Back In Motion Podiatry Bundall,"1 Allawah St (cnr Bundall Rd) Bundall, Gold Coast QLD 4217",vbundall.podiatry@backinmotion.com.au,07 5592 4141,
My FootDr Stirling,Shop 10 Stirling Tiers 55 Mt Barker Road Stirling SA 5152,vstirling@myfootdr.com.au,08 8339 7551,
My FootDr Cleveland,"Suite 5 & 6, Trinity Chambers Cnr Waterloo & Middle Streets Cleveland QLD 4163",vcleveland@myfootdr.com.au,07 3479 9200,
My FootDr Burwood,6 Railway Parade Burwood NSW 2134,vburwood@myfootdr.com.au,02 9744 6566,
The Foot and Ankle Clinic Moe,11 Haigh Street Moe VIC 3825,vmoe@thefootandankleclinic.com.au,03 5127 8555,
Allsports Podiatry Indooroopilly,56 Coonan St (Cnr of Keating & Coonan St) Indooroopilly QLD 4068,vindooroopilly@allsportspodiatry.com.au,07 3878 9011,
Border Podiatry Wodonga,5/91 Hume St Wodonga VIC 3690,vwodonga@myfootdr.com.au,02 6024 5577,
My FootDr Jindalee,"Allsports Physiotherapy, Shop 28 34 Goggs Road Jindalee QLD 4074",vjindalee@myfootdr.com.au,07 3279 3752,
My FootDr Orange,"Shop V5-7, Orange City Centre 190 Anson St Orange NSW 2800",vorange@myfootdr.com.au,02 5301 6549,
My FootDr North Lakes,"North Lakes Specialist Medical Centre Unit 204, 6 North Lakes Drive North Lakes QLD 4509",vnorthlakes@myfootdr.com.au,07 3815 6490,
Allsports Podiatry Red Hill,The Red Hill Centre 11/152 Musgrave Road Red Hill QLD 4059,vredhill@allsportspodiatry.com.au,07 3217 5955,
My FootDr Shailer Park,6/44 Bryants Road Shailer Park QLD 4128,vshailerpark@myfootdr.com.au,07 3441 2100,
My FootDr Hope Island,"Shop 5, 10 Santa Barbara Road Hope Island QLD 4212",vhopeisland@myfootdr.com.au,07 5656 2400,
Physiologic Podiatry Robina,334 Scottsdale Drive Robina QLD 4226,vrobina@physiologic.com.au,07 5578 7155,
My FootDr Blacktown,Suite 113/30 Campbell Street Blacktown NSW 2148,vblacktown@myfootdr.com.au,02 9622 5707,
My FootDr Palmerston,"Shop 15, Oasis Shopping Village 15 Temple Tce Palmerston NT 0830",vpalmerston@myfootdr.com.au,08 8932 2233,
My FootDr Woodville,Shop 1 924 Port Road Woodville West SA 5011,vwoodville@myfootdr.com.au,(08) 8243 1095,
Back In Motion Podiatry Melton,386/388 High St Melton VIC 3337,vmelton@backinmotion.com.au,(03) 9743 4479,
My FootDr Pakenham,54 James St Pakenham VIC 3810,vpakenham@myfootdr.com.au,03 5941 7899,
My FootDr Wantirna,Shop 9a 348 Mountain Hwy Wantirna VIC 3152,vbayswater.podiatry@backinmotion.com.au,03 9720 7676,
Advanced Foot Care Hervey Bay,1/6 Torquay Rd Pialba QLD 4655,vhervey.bay@myfootdr.com.au,07 4128 2300,
The Foot and Ankle Clinic Traralgon,39 Grey Street Traralgon VIC 3844,vtraralgon@thefootandankleclinic.com.au,03 5174 2615,
Allsports Podiatry Wavell Heights,1A/159 Hamilton Road Wavell Heights QLD 4012,vwavellheights@allsportspodiatry.com.au,07 3256 9676,
My FootDr Aldinga,Aldinga Medical Centre 89 Rowley Road Aldinga Beach SA 5173,valdinga@myfootdr.com.au,08 7286 3003,
Advanced Foot Care Bargara,8/699 Bargara Road Bargara QLD 4670,vbundaberg@myfootdr.com.au,07 4153 3255,
Back In Motion Podiatry Como,Unit 3 / 460 Canning Highway Como WA 6152,vcomo@backinmotion.com.au,08 9313 3414,
My FootDr Cessnock,298 Maitland Rd Cessnock NSW 2325,vcessnock@myfootdr.com.au,02 4990 4540,
Back In Motion Podiatry Bayswater,Shop 9a 348 Mountain Hwy Wantirna VIC 3152,vbayswater.podiatry@backinmotion.com.au,03 9720 7676,
My FootDr Ipswich,Physioactive 57 Thorn Street Ipswich QLD 4305,vipswich@myfootdr.com.au,07 3281 8876,
My FootDr Dubbo,"Shop 18, Orana Mall Shopping Centre 56 Windsor Parade Dubbo NSW 2830",vdubbo@myfootdr.com.au,02 6867 9410,
My FootDr Brookwater,17 / L1 Brookwater Retail Village 2 Tournament Drive Brookwater QLD 4300,vbrookwater@myfootdr.com.au,07 3432 8500,
Advanced Foot Care Bundaberg,10/36 Quay St Bundaberg Central QLD 4670,vbundaberg@myfootdr.com.au,07 4153 3255,
NQ Foot & Ankle Centre Cowboys Centre of Excellence,North Queensland Cowboys Centre of Excellence 26 Graham Murray Place Railway Estate QLD 4810,vkirwan@nqfootandankle.com.au,07 4723 5500,
Wellington Point,8/405-409 Main Rd Wellington Point QLD 4160,vwellingtonpoint@myfootdr.com.au,07 3207 2100,
My FootDr Red Hill,Arthur House 47 Arthur Tce Red Hill QLD 4059,vredhill@myfootdr.com.au,(07) 3367 0085,"Ingrown toenails on a woman's foot, pain in the big toe closeup; Ingrown toenails, also known as onychocryptosis, are a common and painful complaint. A true ingrown toenail is when a spike or edge of nail pierces the skin at the nail edge. This is known as the sulcus and can cause inflammation and even lead to infection.There are a variety of factors that can cause ingrown toenails. The most common cause is due to improper cutting of your toenail and leaving a spike of nail in the sulcus. It can also be a result of a curved nail, known as an involuted nail, from external pressure.If you are experiencing pain, redness, and swelling around your toenail, it may be time to consider seeing one of our podiatrists. With over 30 years of combined experience in treating foot and ankle conditions, we have successfully treated many cases of ingrown toenails."
My FootDr Beerwah,58 Simpson Street Beerwah QLD 4519,vbeerwah@myfootdr.com.au,07 5494 0060,
Advanced Foot Care Monto,35 Flinders Street Monto QLD 4630,vinfo@advancedfootcare.com.au,07 4128 2300,"Ingrown toenails on a woman's foot, pain in the big toe closeup; Ingrown toenails, also known as onychocryptosis, are a common and painful complaint. A true ingrown toenail is when a spike or edge of nail pierces the skin at the nail edge. This is known as the sulcus and can cause inflammation and even lead to infection.There are a variety of factors that can cause ingrown toenails. The most common cause is due to improper cutting of your toenail and leaving a spike of nail in the sulcus. It can also be a result of a curved nail, known as an involuted nail, from external pressure.If you are experiencing pain, redness, and swelling around your toenail, it may be time to consider seeing one of our podiatrists. With over 30 years of combined experience in treating foot and ankle conditions, we have successfully treated many cases of ingrown toenails."
The Foot and Ankle Clinic Podiatry East Bentleigh,951 Centre Road East Bentleigh VIC 3165,veastbentleigh@thefootandankleclinic.com.au,03 9570 3213,
My FootDr Ispahan,315 Macquarie Street Hobart TAS 7000,vispahan@myfootdr.com.au,03 6224 3555,
My FootDr Narellan,"Suite 407, 326 Camden Valley Way Narellan NSW 2567",vnarellan@myfootdr.com.au,02 4647 0703,
My FootDr Stafford,Shop 93A Stafford City Shopping Centre 400 Stafford Rd Stafford QLD 4053,vstafford@myfootdr.com.au,07 3513 4000,
Allsports Podiatry Albany Creek,Albany Creek Leisure Centre Cnr Old Northern Rd & Explorer Drive Albany Creek QLD 4035,valbanycreek@allsportspodiatry.com.au,07 3264 5159,
My FootDr Rockhampton,8/235-239 Musgrave St North Rockhampton QLD 4701,vrockhampton@myfootdr.com.au,07 4921 3532,
My FootDr Varsity Lakes (formerly Robina),Shop 1 190 Varsity Parade Varsity Lakes QLD 4227,vvarsitylakes@myfootdr.com.au,07 5562 5055,
My FootDr Brisbane CBD,Ground Level 324 Queen Street Brisbane QLD 4000,vbrisbanecbd@myfootdr.com.au,07 3634 5800,
Semaphore (formerly Queenstown),160 Semaphore Road Semaphore SA 5019,vsemaphore@myfootdr.com.au,08 8234 8666,
My FootDr Blackwood,236 Main Road Blackwood SA 5051,vblackwood@myfootdr.com.au,08 8278 9777,
My FootDr Mackay,153 Victoria St Mackay QLD 4740,vmackay@myfootdr.com.au,07 4951 0111,
My FootDr Allsports Podiatry Hawthorne,Brisbane Sports & Exercise Medicine Specialists 87 Riding Road Hawthorne QLD 4171,vhawthorne@allsportspodiatry.com.au,(07) 3899 0659,"Ingrown toenails on a woman's foot, pain in the big toe closeup; Ingrown toenails, also known as onychocryptosis, are a common and painful complaint. A true ingrown toenail is when a spike or edge of nail pierces the skin at the nail edge. This is known as the sulcus and can cause inflammation and even lead to infection.There are a variety of factors that can cause ingrown toenails. The most common cause is due to improper cutting of your toenail and leaving a spike of nail in the sulcus. It can also be a result of a curved nail, known as an involuted nail, from external pressure.If you are experiencing pain, redness, and swelling around your toenail, it may be time to consider seeing one of our podiatrists. With over 30 years of combined experience in treating foot and ankle conditions, we have successfully treated many cases of ingrown toenails."
My FootDr Currambine,Suite 12/13 Hobsons Gate Currambine WA 6028,vcurrambine@myfootdr.com.au,08 9304 1898,
Allsports Podiatry Toowong,"Ground Floor, 80 Jephson Street Toowong QLD 4066",vtoowong@allsportspodiatry.com.au,07 3871 1799,
My FootDr Allsports Podiatry Parkwood,Shop 13/122 Napper Rd Parkwood QLD 4214,vparkwood@allsportspodiatry.com.au,07 5561 1810,"Ingrown toenails on a woman's foot, pain in the big toe closeup; Ingrown toenails, also known as onychocryptosis, are a common and painful complaint. A true ingrown toenail is when a spike or edge of nail pierces the skin at the nail edge. This is known as the sulcus and can cause inflammation and even lead to infection.There are a variety of factors that can cause ingrown toenails. The most common cause is due to improper cutting of your toenail and leaving a spike of nail in the sulcus. It can also be a result of a curved nail, known as an involuted nail, from external pressure.If you are experiencing pain, redness, and swelling around your toenail, it may be time to consider seeing one of our podiatrists. With over 30 years of combined experience in treating foot and ankle conditions, we have successfully treated many cases of ingrown toenails."
My FootDr Warragul,1/65 Victoria St Warragul VIC 3820,vwarragul@myfootdr.com.au,03 5623 4677,
My FootDr Camp Hill,50 Wyena Street (Cnr Clara & Wyena St) Camp Hill QLD 4152,vcamphill@myfootdr.com.au,07 3035 3900,
My FootDr Brookside,"Brookside Shopping Centre Shop 118, 159 Osborne Rd Mitchelton QLD 4053",vbrookside@myfootdr.com.au,07 3355 1256,
My FootDr Gladstone,1/146 Auckland St Gladstone Central QLD 4680,vgladstone@myfootdr.com.au,07 4972 9663,
Back In Motion Podiatry Burleigh Waters,"Shop E, 1/6-8 Classic Way Burleigh Waters QLD 4220",vburleighwaters.podiatry@backinmotion.com.au,07 5613 3115,
My FootDr Yeppoon,61 Queen St Yeppoon QLD 4703,vyeppoon@myfootdr.com.au,07 4939 8577,
My FootDr Warwick,"Shop SP039, Warwick Grove Shopping Centre Cnr Beach and Erindale Road Warwick WA 6024",vwarwick@myfootdr.com.au,08 9447 1117,
My FootDr Mt Gravatt,Level 2 / 1437 Logan Road (enter off Gowrie St) Mount Gravatt QLD 4122,vmtgravatt@myfootdr.com.au,07 3849 4714,
My FootDr Mittagong,48 Bowral Road Mittagong NSW 2575,vmittagong@myfootdr.com.au,02 4872 4168,
Allsports Podiatry Calamvale,Cnr Kameruka Street & Beaudesert Road Calamvale QLD 4116,vcalamvale@allsportspodiatry.com.au,07 3272 5230,
My FootDr Boronia,12 Floriston Rd Boronia VIC 3155,vboronia@myfootdr.com.au,03 9762 9404,
My FootDr Devonport,26 William St Devonport TAS 7310,vdevonport@myfootdr.com.au,03 6424 8182,
Allsports Podiatry Pimpama,2 Nexus Drive Tenancy D1.4 Pimpama QLD 4209,vPimpama@allsportspodiatry.com.au,(07) 3879 7718,"Ingrown toenails on a woman's foot, pain in the big toe closeup; Ingrown toenails, also known as onychocryptosis, are a common and painful complaint. A true ingrown toenail is when a spike or edge of nail pierces the skin at the nail edge. This is known as the sulcus and can cause inflammation and even lead to infection.There are a variety of factors that can cause ingrown toenails. The most common cause is due to improper cutting of your toenail and leaving a spike of nail in the sulcus. It can also be a result of a curved nail, known as an involuted nail, from external pressure.If you are experiencing pain, redness, and swelling around your toenail, it may be time to consider seeing one of our podiatrists. With over 30 years of combined experience in treating foot and ankle conditions, we have successfully treated many cases of ingrown toenails."
The Foot and Ankle Clinic Podiatry Chadstone,79 Chadstone Road Malvern East VIC 3145,vchadstone@thefootandankleclinic.com.au,03 9569 5796,
My FootDr Thuringowa,"Shop 129, Willows Shopping Centre Cnr Thuringowa Dr & Hervey Range Rd Thuringowa Central QLD 4817",vwillows@myfootdr.com.au,07 4723 1503,
My FootDr Cairns,"Shop 2, 494 Mulgrave Road Earlville QLD 4870",vcairns@myfootdr.com.au,07 4033 2218,
Allsports Podiatry Camp Hill,448 Old Cleveland Road Camp Hill QLD 4152,vcamphill@allsportspodiatry.com.au,07 3395 3777,
My FootDr Toowoomba,"Shop 52, Clifford Gardens Shopping Centre Corner James St & Anzac Ave Toowoomba City QLD 4350",vtoowoomba@myfootdr.com.au,07 4633 2533,
My FootDr Ballarat,34 Armstrong St N Ballarat Central VIC 3350,vballarat@myfootdr.com.au,03 5331 2777,
My FootDr Hove,372 Brighton Rd Hove SA 5048,vhove@myfootdr.com.au,08 8358 2211,
Allsports Podiatry Noosa,"Unit 4, 17 Sunshine Beach Rd Noosa QLD 4567",vnoosa@allsportspodiatry.com.au,07 5447 3312,"Ingrown toenails on a woman's foot, pain in the big toe closeup; Ingrown toenails, also known as onychocryptosis, are a common and painful complaint. A true ingrown toenail is when a spike or edge of nail pierces the skin at the nail edge. This is known as the sulcus and can cause inflammation and even lead to infection.There are a variety of factors that can cause ingrown toenails. The most common cause is due to improper cutting of your toenail and leaving a spike of nail in the sulcus. It can also be a result of a curved nail, known as an involuted nail, from external pressure.If you are experiencing pain, redness, and swelling around your toenail, it may be time to consider seeing one of our podiatrists. With over 30 years of combined experience in treating foot and ankle conditions, we have successfully treated many cases of ingrown toenails."
My FootDr Redcliffe,Dolphins Central Shopping Centre 10/110 Ashmole Rd Redcliffe QLD 4020,vredcliffe@myfootdr.com.au,07 3385 8100,
My FootDr Unley,98 Unley Rd Unley SA 5061,vunley@myfootdr.com.au,08 8357 0747,
My FootDr Gumdale,"Eastside Village Shopping Centre Shop 20, Cnr New Cleveland & Tilley Roads Gumdale QLD 4154",vgumdale@myfootdr.com.au,07 3917 2700,
My FootDr Tweed Heads,1/107 Minjungbal Drive Tweed Heads South NSW 2485,vtweedheads@myfootdr.com.au,07 5524 8440,
Anytime Physio & Podiatry Newstead,Shop B6 / 76 Skyring Terrace Gasworks Plaza Newstead QLD 4006,vinfo@anytimephysio.com.au,07 3733 0944,
My FootDr Cranbourne,26 William St Cranbourne VIC 3977,vcranbourne@myfootdr.com.au,03 5996 3633,
NQ Foot & Ankle Centre Kirwan,NQ Foot & Ankle Centre 93 Thuringowa Drive Kirwan QLD 4817,vkirwan@nqfootandankle.com.au,07 4723 5500,
Allsports Podiatry Forest Lake,The Tower Medical Centre 241 Forest Lake Boulevard Forest Lake QLD 4078,vforestlake@allsportspodiatry.com.au,07 3278 8544,
My FootDr Bathurst,41 Keppel St Bathurst NSW 2795,vbathurst@myfootdr.com.au,02 6331 1122,
My FootDr Fortitude Valley,2/455A Brunswick Street Fortitude Valley QLD 4006,vfortitudevalley@myfootdr.com.au,07 3640 6100,
